TransactionId,TransactionTypeId,PaymentMethodId,AccountNo,Date,Amount,Notes
1,1,1,1,2023-01-01,1000.00,THis Is A nOte foR tHe TrAnSaCtIoN
2,1,2,2,2023-02-02,2000.00,THis Is A nOte foR tHe TrAnSaCtIoN
3,1,3,3,2023-03-03,3000.00,THis Is A nOte foR tHe TrAnSaCtIoN
4,1,4,4,2023-04-04,4000.00,THis Is A nOte foR tHe TrAnSaCtIoN
5,1,5,5,2023-05-05,5000.00,THis Is A nOte foR tHe TrAnSaCtIoN
6,2,1,6,2023-06-06,6000.00,THis Is A nOte foR tHe TrAnSaCtIoN
7,2,2,7,2023-07-07,7000.00,THis Is A nOte foR tHe TrAnSaCtIoN
8,2,3,8,2023-08-08,8000.00,THis Is A nOte foR tHe TrAnSaCtIoN
9,2,4,9,2023-09-09,9000.00,THis Is A nOte foR tHe TrAnSaCtIoN
10,2,5,10,2023-10-10,10000.00,THis Is A nOte foR tHe TrAnSaCtIoN
11,3,1,11,2023-11-11,1100.00,THis Is A nOte foR tHe TrAnSaCtIoN
12,3,2,12,2023-12-12,1200.00,THis Is A nOte foR tHe TrAnSaCtIoN
13,4,3,1,2023-01-13,1300.00,THis Is A nOte foR tHe TrAnSaCtIoN
14,4,4,2,2023-02-14,1400.00,THis Is A nOte foR tHe TrAnSaCtIoN
15,5,5,4,2023-03-15,1500.00,THis Is A nOte foR tHe TrAnSaCtIoN
16,5,1,6,2023-04-16,1600.00,THis Is A nOte foR tHe TrAnSaCtIoN
